{
"name": "minecraft:stronghold/stronghold_chest",
  "elements": [
    {
      "element": {
        "element_type": "minecraft:single_pool_element",
        "location": "minecraft:stronghold/chest/stronghold_generic_chest",
        "processors": "minecraft:stronghold_generic_degradation",
        "projection": "rigid"
      },
      "weight": 1
    },
	{
      "element": {
        "element_type": "minecraft:single_pool_element",
        "location": "minecraft:stronghold/chest/stronghold_generic_chest2",
        "processors": "minecraft:stronghold_generic_degradation",
        "projection": "rigid"
      },
      "weight": 1
    },
	{
      "element": {
        "element_type": "minecraft:single_pool_element",
        "location": "minecraft:stronghold/chest/stronghold_surface_chest",
        "processors": "minecraft:stronghold_surface_degradation",
        "projection": "rigid"
      },
      "weight": 1
    },
	{
      "element": {
        "element_type": "minecraft:single_pool_element",
        "location": "minecraft:stronghold/chest/stronghold_nether_chest",
        "processors": "minecraft:stronghold_nether_degradation",
        "projection": "rigid"
      },
      "weight": 1
    },
	{
      "element": {
        "element_type": "minecraft:single_pool_element",
        "location": "minecraft:stronghold/chest/stronghold_library_chest",
        "processors": "minecraft:stronghold_sewer_degradation",
        "projection": "rigid"
      },
      "weight": 1
    },
	{
      "element": {
        "element_type": "minecraft:single_pool_element",
        "location": "minecraft:stronghold/chest/stronghold_sewer_chest",
        "processors": "minecraft:stronghold_sewer_degradation",
        "projection": "rigid"
      },
      "weight": 1
    },
	{
      "element": {
        "element_type": "minecraft:single_pool_element",
        "location": "minecraft:stronghold/chest/stronghold_jail_chest",
        "processors": "minecraft:stronghold_generic_degradation",
        "projection": "rigid"
      },
      "weight": 1
    },
	{
      "element": {
        "element_type": "minecraft:single_pool_element",
        "location": "minecraft:stronghold/chest/stronghold_generic_hallway_chest",
        "processors": "minecraft:stronghold_generic_degradation",
        "projection": "rigid"
      },
      "weight": 1
    },
	{
      "element": {
        "element_type": "minecraft:single_pool_element",
        "location": "minecraft:stronghold/chest/stronghold_surface_hallway_chest",
        "processors": "minecraft:stronghold_generic_degradation",
        "projection": "rigid"
      },
      "weight": 1
    },
	{
      "element": {
        "element_type": "minecraft:single_pool_element",
        "location": "minecraft:stronghold/chest/stronghold_nether_hallway_chest",
        "processors": "minecraft:stronghold_nether_degradation",
        "projection": "rigid"
      },
      "weight": 1
    },
	{
      "element": {
        "element_type": "minecraft:single_pool_element",
        "location": "minecraft:stronghold/chest/stronghold_library_hallway_chest",
        "processors": "minecraft:stronghold_library_degradation",
        "projection": "rigid"
      },
      "weight": 1
    },
	{
      "element": {
        "element_type": "minecraft:single_pool_element",
        "location": "minecraft:stronghold/chest/stronghold_sewer_hallway_chest",
        "processors": "minecraft:stronghold_sewer_degradation",
        "projection": "rigid"
      },
      "weight": 1
    },
	{
      "element": {
        "element_type": "minecraft:single_pool_element",
        "location": "minecraft:stronghold/chest/stronghold_jail_hallway_chest",
        "processors": "minecraft:stronghold_generic_degradation",
        "projection": "rigid"
      },
      "weight": 1
    },
	{
      "element": {
        "element_type": "minecraft:single_pool_element",
        "location": "minecraft:stronghold/chest/stronghold_nether_chest2",
        "processors": "minecraft:stronghold_nether_degradation",
        "projection": "rigid"
      },
      "weight": 1
    },
	{
      "element": {
        "element_type": "minecraft:single_pool_element",
        "location": "minecraft:stronghold/chest/stronghold_library_chest2",
        "processors": "minecraft:stronghold_sewer_degradation",
        "projection": "rigid"
      },
      "weight": 1
    },
	{
      "element": {
        "element_type": "minecraft:single_pool_element",
        "location": "minecraft:stronghold/chest/stronghold_sewer_chest2",
        "processors": "minecraft:stronghold_sewer_degradation",
        "projection": "rigid"
      },
      "weight": 1
    },
	{
      "element": {
        "element_type": "minecraft:single_pool_element",
        "location": "minecraft:stronghold/chest/stronghold_jail_chest2",
        "processors": "minecraft:stronghold_generic_degradation",
        "projection": "rigid"
      },
      "weight": 1
    },
	{
      "element": {
        "element_type": "minecraft:single_pool_element",
        "location": "minecraft:stronghold/chest/stronghold_generic_hallway_chest2",
        "processors": "minecraft:stronghold_generic_degradation",
        "projection": "rigid"
      },
      "weight": 1
    },
	{
      "element": {
        "element_type": "minecraft:single_pool_element",
        "location": "minecraft:stronghold/chest/stronghold_nether_hallway_chest2",
        "processors": "minecraft:stronghold_nether_degradation",
        "projection": "rigid"
      },
      "weight": 1
    },
	{
      "element": {
        "element_type": "minecraft:single_pool_element",
        "location": "minecraft:stronghold/chest/stronghold_library_hallway_chest2",
        "processors": "minecraft:stronghold_library_degradation",
        "projection": "rigid"
      },
      "weight": 1
    },
	{
      "element": {
        "element_type": "minecraft:single_pool_element",
        "location": "minecraft:stronghold/chest/stronghold_sewer_hallway_chest2",
        "processors": "minecraft:stronghold_sewer_degradation",
        "projection": "rigid"
      },
      "weight": 1
    },
	{
      "element": {
        "element_type": "minecraft:single_pool_element",
        "location": "minecraft:stronghold/chest/stronghold_jail_hallway_chest2",
        "processors": "minecraft:stronghold_generic_degradation",
        "projection": "rigid"
      },
      "weight": 1
    },
	{
      "element": {
        "element_type": "minecraft:single_pool_element",
        "location": "minecraft:stronghold/chest/stronghold_generic_chest_fail",
        "processors": "minecraft:stronghold_generic_degradation",
        "projection": "rigid"
      },
      "weight": 1
    },
	{
      "element": {
        "element_type": "minecraft:single_pool_element",
        "location": "minecraft:stronghold/chest/stronghold_surface_chest_fail",
        "processors": "minecraft:stronghold_surface_degradation",
        "projection": "rigid"
      },
      "weight": 1
    },
	{
      "element": {
        "element_type": "minecraft:single_pool_element",
        "location": "minecraft:stronghold/chest/stronghold_nether_chest_fail",
        "processors": "minecraft:stronghold_nether_degradation",
        "projection": "rigid"
      },
      "weight": 1
    },
	{
      "element": {
        "element_type": "minecraft:single_pool_element",
        "location": "minecraft:stronghold/chest/stronghold_library_chest_fail",
        "processors": "minecraft:stronghold_sewer_degradation",
        "projection": "rigid"
      },
      "weight": 1
    },
	{
      "element": {
        "element_type": "minecraft:single_pool_element",
        "location": "minecraft:stronghold/chest/stronghold_sewer_chest_fail",
        "processors": "minecraft:stronghold_sewer_degradation",
        "projection": "rigid"
      },
      "weight": 1
    },
	{
      "element": {
        "element_type": "minecraft:single_pool_element",
        "location": "minecraft:stronghold/chest/stronghold_jail_chest_fail",
        "processors": "minecraft:stronghold_generic_degradation",
        "projection": "rigid"
      },
      "weight": 1
    },
	{
      "element": {
        "element_type": "minecraft:single_pool_element",
        "location": "minecraft:stronghold/chest/stronghold_generic_hallway_chest_fail",
        "processors": "minecraft:stronghold_generic_degradation",
        "projection": "rigid"
      },
      "weight": 4
    },
	{
      "element": {
        "element_type": "minecraft:single_pool_element",
        "location": "minecraft:stronghold/chest/stronghold_surface_hallway_chest_fail",
        "processors": "minecraft:stronghold_surface_degradation",
        "projection": "rigid"
      },
      "weight": 4
    },
	{
      "element": {
        "element_type": "minecraft:single_pool_element",
        "location": "minecraft:stronghold/chest/stronghold_nether_hallway_chest_fail",
        "processors": "minecraft:stronghold_nether_degradation",
        "projection": "rigid"
      },
      "weight": 4
    },
	{
      "element": {
        "element_type": "minecraft:single_pool_element",
        "location": "minecraft:stronghold/chest/stronghold_library_hallway_chest_fail",
        "processors": "minecraft:stronghold_sewer_degradation",
        "projection": "rigid"
      },
      "weight": 4
    },
	{
      "element": {
        "element_type": "minecraft:single_pool_element",
        "location": "minecraft:stronghold/chest/stronghold_sewer_hallway_chest_fail",
        "processors": "minecraft:stronghold_sewer_degradation",
        "projection": "rigid"
      },
      "weight": 4
    },
	{
      "element": {
        "element_type": "minecraft:single_pool_element",
        "location": "minecraft:stronghold/chest/stronghold_jail_hallway_chest_fail",
        "processors": "minecraft:stronghold_generic_degradation",
        "projection": "rigid"
      },
      "weight": 4
    },
	{
      "element": {
        "element_type": "minecraft:single_pool_element",
        "location": "minecraft:stronghold/chest/stronghold_library_bookshelf1",
        "processors": "minecraft:stronghold_library_degradation",
        "projection": "rigid"
      },
      "weight": 3
    },
	{
      "element": {
        "element_type": "minecraft:single_pool_element",
        "location": "minecraft:stronghold/chest/stronghold_library_bookshelf2",
        "processors": "minecraft:stronghold_library_degradation",
        "projection": "rigid"
      },
      "weight": 6
    },
	{
      "element": {
        "element_type": "minecraft:single_pool_element",
        "location": "minecraft:stronghold/chest/stronghold_library_bookshelf3",
        "processors": "minecraft:stronghold_library_degradation",
        "projection": "rigid"
      },
      "weight": 20
    },
	{
      "element": {
        "element_type": "minecraft:single_pool_element",
        "location": "minecraft:stronghold/chest/stronghold_library_bookshelf4",
        "processors": "minecraft:stronghold_library_degradation",
        "projection": "rigid"
      },
      "weight": 6
    },
	{
      "element": {
        "element_type": "minecraft:single_pool_element",
        "location": "minecraft:stronghold/chest/stronghold_library_bookshelf5",
        "processors": "minecraft:stronghold_library_degradation",
        "projection": "rigid"
      },
      "weight": 6
    },
	{
      "element": {
        "element_type": "minecraft:single_pool_element",
        "location": "minecraft:stronghold/chest/stronghold_library_bookshelf6",
        "processors": "minecraft:stronghold_library_degradation",
        "projection": "rigid"
      },
      "weight": 6
    },
	{
      "element": {
        "element_type": "minecraft:single_pool_element",
        "location": "minecraft:stronghold/chest/stronghold_library_bookshelf7",
        "processors": "minecraft:stronghold_library_degradation",
        "projection": "rigid"
      },
      "weight": 6
    },
	{
      "element": {
        "element_type": "minecraft:single_pool_element",
        "location": "minecraft:stronghold/chest/stronghold_library_bookshelf8",
        "processors": "minecraft:stronghold_library_degradation",
        "projection": "rigid"
      },
      "weight": 6
    },
	{
      "element": {
        "element_type": "minecraft:single_pool_element",
        "location": "minecraft:stronghold/chest/silverfish_spawner",
        "processors": "minecraft:stronghold_generic_degradation",
        "projection": "rigid"
      },
      "weight": 1
    }
  ],
  "fallback": "minecraft:empty"
}