{
  "config": {
    "feature": {
      "feature": {
        "config": {
          "depth": 2,
          "extra_bottom_block_chance": 0,
          "extra_edge_column_chance": 0.5,
          "ground_state": {
            "state": {
              "Name": "minecraft:stone"
            },
            "type": "minecraft:simple_state_provider"
          },
          "replaceable": "#minecraft:stone_ore_replaceable",
          "surface": "floor",
          "vegetation_chance": 1,
          "vegetation_feature": {
            "feature": {
              "config": {
                "to_place": {
                  "state": {
                    "Name": "minecraft:stone"
                  },
                  "type": "minecraft:simple_state_provider"
                }
              },
              "type": "minecraft:simple_block"
            },
            "placement": []
          },
          "vertical_range": 2,
          "xz_radius": {
            "max_inclusive": 1,
            "min_inclusive": 0,
            "type": "minecraft:biased_to_bottom"
          }
        },
        "type": "minecraft:vegetation_patch"
      },
      "placement": [
        {
          "type": "minecraft:random_offset",
          "xz_spread": 0,
          "y_spread": 4
        }
      ]
    },
    "tries": 16,
    "xz_spread": 0,
    "y_spread": 5
  },
  "type": "minecraft:random_patch"
}