{
  "config": {
    "feature": {
      "feature": {
        "config": {
          "default": {
            "feature": {
              "config": {
                "half_height": 1,
                "radius": {
                  "max_inclusive": 3,
                  "min_inclusive": 1,
                  "type": "minecraft:biased_to_bottom"
                },
                "state_provider": {
                  "fallback": {
                    "state": {
                      "Name": "minecraft:stone"
                    },
                    "type": "minecraft:simple_state_provider"
                  },
                  "rules": []
                },
                "target": {
                  "tag": "minecraft:moss_replaceable",
                  "type": "minecraft:matching_block_tag"
                }
              },
              "type": "minecraft:disk"
            },
            "placement": []
          },
          "features": [
            {
              "chance": 0.4,
              "feature": {
                "feature": {
                  "config": {
                    "half_height": 1,
                    "radius": {
                      "max_inclusive": 2,
                      "min_inclusive": 1,
                      "type": "minecraft:biased_to_bottom"
                    },
                    "state_provider": {
                      "fallback": {
                        "state": {
                          "Name": "minecraft:grass_block"
                        },
                        "type": "minecraft:simple_state_provider"
                      },
                      "rules": []
                    },
                    "target": {
                      "tag": "minecraft:base_stone_overworld",
                      "type": "minecraft:matching_block_tag"
                    }
                  },
                  "type": "minecraft:disk"
                },
                "placement": []
              }
            }
          ]
        },
        "type": "minecraft:random_selector"
      },
      "placement": []
    },
    "tries": 18,
    "xz_spread": 4,
    "y_spread": 1
  },
  "type": "minecraft:random_patch"
}